Server_No,IP,ssh,SSH_Status,Tomcat_Name,Tomcat_Status,Application_Name,SHA_ID,CPU_Cores,Mem_Total_MiB,Mem_Used_MiB,Mem_Free_MiB,Default_Config_URL
1,10.30.161.219,ssh passed,tomcat8-throttler,UP,SMSSenderThrottler,eac148fcf08d0a637fd9421d14dfeae9fbab41f6,2,7886,2699,2570,/jndi/rmi://SMSSenderThrottler-sh3-sender-01.sh3.gupshup.me:9999/jmxrmi
2,10.30.160.110,ssh passed,tomcat8-receiver,UP,SMSSenderReceiver,eac148fcf08d0a637fd9421d14dfeae9fbab41f6,16,32322,18041,384,/jndi/rmi://SMSSenderThrottler-sh3-sender-01.sh3.gupshup.me:9999/jmxrmi
3,10.30.160.139,ssh passed,tomcat8-receiver,UP,SMSSenderReceiver,eac148fcf08d0a637fd9421d14dfeae9fbab41f6,16,32322,17852,237,/jndi/rmi://SMSSenderThrottler-sh3-sender-01.sh3.gupshup.me:9999/jmxrmi
4,10.30.160.140,ssh passed,tomcat8-receiver,UP,SMSSenderReceiver,eac148fcf08d0a637fd9421d14dfeae9fbab41f6,16,32322,14396,4021,/jndi/rmi://SMSSenderThrottler-sh3-sender-01.sh3.gupshup.me:9999/jmxrmi
5,10.30.160.141,ssh passed,tomcat8-receiver,UP,SMSSenderReceiver,eac148fcf08d0a637fd9421d14dfeae9fbab41f6,16,32322,15571,3484,/jndi/rmi://SMSSenderThrottler-sh3-sender-01.sh3.gupshup.me:9999/jmxrmi
6,10.30.160.142,ssh passed,tomcat8-receiver,UP,SMSSenderReceiver,eac148fcf08d0a637fd9421d14dfeae9fbab41f6,16,32322,15643,3581,/jndi/rmi://SMSSenderThrottler-sh3-sender-01.sh3.gupshup.me:9999/jmxrmi
7,10.30.160.143,ssh passed,tomcat8-receiver,UP,SMSSenderReceiver,eac148fcf08d0a637fd9421d14dfeae9fbab41f6,16,32322,14619,3449,/jndi/rmi://SMSSenderThrottler-sh3-sender-01.sh3.gupshup.me:9999/jmxrmi
8,10.30.160.144,ssh passed,tomcat8-receiver,UP,SMSSenderReceiver,eac148fcf08d0a637fd9421d14dfeae9fbab41f6,16,32322,20975,857,/jndi/rmi://SMSSenderThrottler-sh3-sender-01.sh3.gupshup.me:9999/jmxrmi
9,10.30.160.64,ssh passed,tomcat8-dispatcher,UP,SMSSenderDispatcher,eac148fcf08d0a637fd9421d14dfeae9fbab41f6,16,32042,19999,269,/jndi/rmi://SMSSenderThrottler-sh3-sender-01.sh3.gupshup.me:9999/jmxrmi
10,10.30.160.103,ssh passed,tomcat8-dispatcher,UP,SMSSenderDispatcher,eac148fcf08d0a637fd9421d14dfeae9fbab41f6,16,32042,21809,229,/jndi/rmi://SMSSenderThrottler-sh3-sender-01.sh3.gupshup.me:9999/jmxrmi
11,10.30.160.104,ssh passed,tomcat8-dispatcher,UP,SMSSenderDispatcher,eac148fcf08d0a637fd9421d14dfeae9fbab41f6,16,32042,24690,269,/jndi/rmi://SMSSenderThrottler-sh3-sender-01.sh3.gupshup.me:9999/jmxrmi
12,10.30.160.105,ssh passed,tomcat8-dispatcher,UP,SMSSenderDispatcher,eac148fcf08d0a637fd9421d14dfeae9fbab41f6,16,32042,22922,234,/jndi/rmi://SMSSenderThrottler-sh3-sender-01.sh3.gupshup.me:9999/jmxrmi
13,10.30.160.106,ssh passed,tomcat8-dispatcher,UP,SMSSenderDispatcher,eac148fcf08d0a637fd9421d14dfeae9fbab41f6,16,32042,24580,431,/jndi/rmi://SMSSenderThrottler-sh3-sender-01.sh3.gupshup.me:9999/jmxrmi
14,10.30.160.107,ssh passed,tomcat8-dispatcher,UP,SMSSenderDispatcher,eac148fcf08d0a637fd9421d14dfeae9fbab41f6,16,32042,24644,299,/jndi/rmi://SMSSenderThrottler-sh3-sender-01.sh3.gupshup.me:9999/jmxrmi
15,10.30.160.108,ssh passed,tomcat8-dispatcher,UP,SMSSenderDispatcher,eac148fcf08d0a637fd9421d14dfeae9fbab41f6,16,32042,24567,495,/jndi/rmi://SMSSenderThrottler-sh3-sender-01.sh3.gupshup.me:9999/jmxrmi
16,10.30.160.109,ssh passed,tomcat8-dispatcher,UP,SMSSenderDispatcher,eac148fcf08d0a637fd9421d14dfeae9fbab41f6,16,32042,12397,2706,/jndi/rmi://SMSSenderThrottler-sh3-sender-01.sh3.gupshup.me:9999/jmxrmi
17,10.30.160.145,ssh passed,tomcat8-callback,UP,SMSSenderCallBack,eac148fcf08d0a637fd9421d14dfeae9fbab41f6,4,7886,2500,198,/jndi/rmi://SMSSenderThrottler-sh3-sender-01.sh3.gupshup.me:9999/jmxrmi
18,10.30.160.146,ssh passed,tomcat8-callback,UP,SMSSenderCallBack,eac148fcf08d0a637fd9421d14dfeae9fbab41f6,4,7886,2473,382,/jndi/rmi://SMSSenderThrottler-sh3-sender-01.sh3.gupshup.me:9999/jmxrmi
19,10.30.160.148,ssh passed,tomcat8-callback,UP,SMSSenderCallBack,eac148fcf08d0a637fd9421d14dfeae9fbab41f6,4,7886,2455,575,/jndi/rmi://SMSSenderThrottler-sh3-sender-01.sh3.gupshup.me:9999/jmxrmi
20,10.30.160.151,ssh passed,tomcat8-callback,UP,SMSSenderCallBack,eac148fcf08d0a637fd9421d14dfeae9fbab41f6,4,7886,3000,332,/jndi/rmi://SMSSenderThrottler-sh3-sender-01.sh3.gupshup.me:9999/jmxrmi
21,10.30.160.158,ssh passed,tomcat8-callback,UP,SMSSenderCallBack,eac148fcf08d0a637fd9421d14dfeae9fbab41f6,4,7886,3339,374,/jndi/rmi://SMSSenderThrottler-sh3-sender-01.sh3.gupshup.me:9999/jmxrmi
22,10.30.160.159,ssh passed,tomcat8-callback,UP,SMSSenderCallBack,eac148fcf08d0a637fd9421d14dfeae9fbab41f6,4,7886,2600,651,/jndi/rmi://SMSSenderThrottler-sh3-sender-01.sh3.gupshup.me:9999/jmxrmi
23,10.30.160.162,ssh passed,tomcat8-callback,UP,SMSSenderCallBack,eac148fcf08d0a637fd9421d14dfeae9fbab41f6,4,7886,2530,638,/jndi/rmi://SMSSenderThrottler-sh3-sender-01.sh3.gupshup.me:9999/jmxrmi
24,10.30.160.163,ssh passed,tomcat8-callback,UP,SMSSenderCallBack,eac148fcf08d0a637fd9421d14dfeae9fbab41f6,4,7886,2505,546,/jndi/rmi://SMSSenderThrottler-sh3-sender-01.sh3.gupshup.me:9999/jmxrmi
25,10.30.160.164,ssh passed,tomcat8-support,UP,SMSSenderSupport,eac148fcf08d0a637fd9421d14dfeae9fbab41f6,4,7886,3338,940,/jndi/rmi://SMSSenderThrottler-sh3-sender-01.sh3.gupshup.me:9999/jmxrmi
26,10.30.160.165,ssh passed,tomcat8-sendermanagement,UP,SenderManagement,78aaf8f53d2bd3838f1ec40671cd7f24463777e2,4,7886,1168,1486,/jndi/rmi://SMSSenderThrottler-sh3-sender-01.sh3.gupshup.me:9999/jmxrmi
27,10.30.161.211,ssh passed,tomcat8-httpsender,UP,HTTPSender,0d922cc0573b2fe15856a139df00a27c677f7f75,4,7886,1827,207,/jndi/rmi://SMPPSender-sh3-sender-01.sh3.gupshup.me:9999/jmxrmi
28,10.30.161.212,ssh passed,tomcat8-httpsender,UP,HTTPSender,0d922cc0573b2fe15856a139df00a27c677f7f75,4,7886,1819,217,/jndi/rmi://SMPPSender-sh3-sender-01.sh3.gupshup.me:9999/jmxrmi
29,10.30.161.7,ssh passed,tomcat8-cachemanager,UP,CacheManager,cf4536075dabbb4b70c92d291449efdc3d4d9e0b,4,32462,1696,1145,/jndi/rmi://host0059.sh3.gupshup.me:9999/jmxrmi
30,10.30.161.8,ssh passed,tomcat8-cachemanager,UP,CacheManager,cf4536075dabbb4b70c92d291449efdc3d4d9e0b,4,32462,1666,1123,/jndi/rmi://host0059.sh3.gupshup.me:9999/jmxrmi
31,10.30.162.5,ssh passed,tomcat8-smppreceiver,DOWN,SMPPReceiver,Not-Found,4,15938,1537,8097,Not-Found
32,10.30.161.213,ssh passed,tomcat8-httpsender,UP,HTTPSender,0d922cc0573b2fe15856a139df00a27c677f7f75,4,7886,1819,142,/jndi/rmi://SMPPSender-sh3-sender-01.sh3.gupshup.me:9999/jmxrmi
33,10.30.161.214,ssh passed,tomcat8-httpsender,UP,HTTPSender,0d922cc0573b2fe15856a139df00a27c677f7f75,4,7886,1820,222,/jndi/rmi://SMPPSender-sh3-sender-01.sh3.gupshup.me:9999/jmxrmi
34,10.30.160.166,ssh passed,No-Tomcats-found,N/A,N/A,N/A,4,64250,3185,56508,Not-Found
35,10.30.160.168,ssh passed,tomcat8-httpsender,UP,HTTPSender,0d922cc0573b2fe15856a139df00a27c677f7f75,4,7886,1872,235,/jndi/rmi://SMPPSender-sh3-sender-01.sh3.gupshup.me:9999/jmxrmi
36,10.30.160.169,ssh passed,tomcat8-httpsender,UP,HTTPSender,0d922cc0573b2fe15856a139df00a27c677f7f75,4,7886,1855,250,/jndi/rmi://SMPPSender-sh3-sender-01.sh3.gupshup.me:9999/jmxrmi
37,10.30.161.4,ssh passed,tomcat8-httpsender,UP,HTTPSender,0d922cc0573b2fe15856a139df00a27c677f7f75,4,7886,1818,193,/jndi/rmi://SMPPSender-sh3-sender-01.sh3.gupshup.me:9999/jmxrmi
38,10.30.161.5,ssh passed,tomcat8-httpsender,UP,HTTPSender,0d922cc0573b2fe15856a139df00a27c677f7f75,4,7886,1816,257,/jndi/rmi://SMPPSender-sh3-sender-01.sh3.gupshup.me:9999/jmxrmi
39,10.30.161.211,ssh passed,tomcat8-httpsender,UP,HTTPSender,0d922cc0573b2fe15856a139df00a27c677f7f75,4,7886,1797,237,/jndi/rmi://SMPPSender-sh3-sender-01.sh3.gupshup.me:9999/jmxrmi
40,10.30.161.212,ssh passed,tomcat8-httpsender,UP,HTTPSender,0d922cc0573b2fe15856a139df00a27c677f7f75,4,7886,1806,283,/jndi/rmi://SMPPSender-sh3-sender-01.sh3.gupshup.me:9999/jmxrmi
41,10.30.161.213,ssh passed,tomcat8-httpsender,UP,HTTPSender,0d922cc0573b2fe15856a139df00a27c677f7f75,4,7886,1811,210,/jndi/rmi://SMPPSender-sh3-sender-01.sh3.gupshup.me:9999/jmxrmi
42,10.30.161.214,ssh passed,tomcat8-httpsender,UP,HTTPSender,0d922cc0573b2fe15856a139df00a27c677f7f75,4,7886,1798,237,/jndi/rmi://SMPPSender-sh3-sender-01.sh3.gupshup.me:9999/jmxrmi
43,10.30.162.2,ssh passed,No-Tomcats-found,N/A,N/A,N/A,4,15938,1672,11915,Not-Found
44,10.30.162.3,ssh passed,No-Tomcats-found,N/A,N/A,N/A,4,15938,1654,11998,Not-Found
45,10.30.162.4,ssh passed,No-Tomcats-found,N/A,N/A,N/A,4,15938,1653,12000,Not-Found
46,10.30.162.6,ssh passed,tomcat8-webaroosms1,UP,WebarooSMS1,cf4536075dabbb4b70c92d291449efdc3d4d9e0b,4,15938,2603,2357,/jndi/rmi://SMPPServer-sh3-sender-06.sh3.gupshup.me:9999/jmxrmi
47,10.30.162.7,ssh passed,tomcat8-webaroosms1,UP,WebarooSMS1,cf4536075dabbb4b70c92d291449efdc3d4d9e0b,4,15938,2657,2138,/jndi/rmi://SMPPServer-sh3-sender-06.sh3.gupshup.me:9999/jmxrmi
48,10.30.162.8,ssh passed,tomcat8-bns-soip,DOWN,BlockedNo,Not-Found,8,15938,557,5804,/jndi/rmi://host0059.sh3.gupshup.me:9999/jmxrmi
49,10.30.162.9,ssh passed,tomcat8-bns-soip,DOWN,BlockedNo,Not-Found,8,15938,559,10576,/jndi/rmi://host0059.sh3.gupshup.me:9999/jmxrmi
50,10.30.161.218,ssh passed,tomcat8-smppsender01,UP,SMPPSender,eac148fcf08d0a637fd9421d14dfeae9fbab41f6,24,48122,19134,651,/jndi/rmi://10.30.161.217:9999/jmxrmi
50,10.30.161.218,ssh passed,tomcat8-smppsender02,UP,SMPPSender,eac148fcf08d0a637fd9421d14dfeae9fbab41f6,24,48122,19134,651,/jndi/rmi://10.30.161.217:9999/jmxrmi
50,10.30.161.218,ssh passed,tomcat8-smppsender03,UP,SMPPSender,eac148fcf08d0a637fd9421d14dfeae9fbab41f6,24,48122,19134,651,/jndi/rmi://10.30.161.217:9999/jmxrmi
50,10.30.161.218,ssh passed,tomcat8-smppsender04,UP,SMPPSender,eac148fcf08d0a637fd9421d14dfeae9fbab41f6,24,48122,19134,651,/jndi/rmi://10.30.161.217:9999/jmxrmi
50,10.30.161.218,ssh passed,tomcat8-smppsender05,UP,SMPPSender,eac148fcf08d0a637fd9421d14dfeae9fbab41f6,24,48122,19134,651,/jndi/rmi://10.30.161.217:9999/jmxrmi
50,10.30.161.218,ssh passed,tomcat8-smppsender06,UP,SMPPSender,eac148fcf08d0a637fd9421d14dfeae9fbab41f6,24,48122,19134,651,/jndi/rmi://10.30.161.217:9999/jmxrmi
50,10.30.161.218,ssh passed,tomcat8-smppsender07,UP,SMPPSender,eac148fcf08d0a637fd9421d14dfeae9fbab41f6,24,48122,19134,651,/jndi/rmi://10.30.161.217:9999/jmxrmi
50,10.30.161.218,ssh passed,tomcat8-smppsendercallback01,UP,SMPPSenderCallBack,81f991eee6f6621f03860771b285ef41fea40b3a,24,48122,19134,651,/jndi/rmi://10.30.161.217:9999/jmxrmi
50,10.30.161.218,ssh passed,tomcat8-smppsendercallback02,UP,SMPPSenderCallBack,81f991eee6f6621f03860771b285ef41fea40b3a,24,48122,19134,651,/jndi/rmi://10.30.161.217:9999/jmxrmi
51,10.30.161.202,ssh passed,tomcat8-smppsender01,UP,SMPPSender,eac148fcf08d0a637fd9421d14dfeae9fbab41f6,24,48122,22020,555,/jndi/rmi://10.30.161.217:9999/jmxrmi
51,10.30.161.202,ssh passed,tomcat8-smppsender02,UP,SMPPSender,eac148fcf08d0a637fd9421d14dfeae9fbab41f6,24,48122,22020,555,/jndi/rmi://10.30.161.217:9999/jmxrmi
51,10.30.161.202,ssh passed,tomcat8-smppsender03,UP,SMPPSender,eac148fcf08d0a637fd9421d14dfeae9fbab41f6,24,48122,22020,555,/jndi/rmi://10.30.161.217:9999/jmxrmi
51,10.30.161.202,ssh passed,tomcat8-smppsender04,UP,SMPPSender,eac148fcf08d0a637fd9421d14dfeae9fbab41f6,24,48122,22020,555,/jndi/rmi://10.30.161.217:9999/jmxrmi
51,10.30.161.202,ssh passed,tomcat8-smppsender05,UP,SMPPSender,eac148fcf08d0a637fd9421d14dfeae9fbab41f6,24,48122,22020,555,/jndi/rmi://10.30.161.217:9999/jmxrmi
51,10.30.161.202,ssh passed,tomcat8-smppsender06,UP,SMPPSender,eac148fcf08d0a637fd9421d14dfeae9fbab41f6,24,48122,22020,555,/jndi/rmi://10.30.161.217:9999/jmxrmi
51,10.30.161.202,ssh passed,tomcat8-smppsender07,UP,SMPPSender,eac148fcf08d0a637fd9421d14dfeae9fbab41f6,24,48122,22020,555,/jndi/rmi://10.30.161.217:9999/jmxrmi
51,10.30.161.202,ssh passed,tomcat8-smppsendercallback01,UP,SMPPSenderCallBack,81f991eee6f6621f03860771b285ef41fea40b3a,24,48122,22020,555,/jndi/rmi://10.30.161.217:9999/jmxrmi
51,10.30.161.202,ssh passed,tomcat8-smppsendercallback02,UP,SMPPSenderCallBack,81f991eee6f6621f03860771b285ef41fea40b3a,24,48122,22020,555,/jndi/rmi://10.30.161.217:9999/jmxrmi
52,10.30.161.203,ssh passed,tomcat8-smppsender01,UP,SMPPSender,eac148fcf08d0a637fd9421d14dfeae9fbab41f6,24,48122,18958,3337,/jndi/rmi://10.30.161.217:9999/jmxrmi
52,10.30.161.203,ssh passed,tomcat8-smppsender02,UP,SMPPSender,eac148fcf08d0a637fd9421d14dfeae9fbab41f6,24,48122,18958,3337,/jndi/rmi://10.30.161.217:9999/jmxrmi
52,10.30.161.203,ssh passed,tomcat8-smppsender03,UP,SMPPSender,eac148fcf08d0a637fd9421d14dfeae9fbab41f6,24,48122,18958,3337,/jndi/rmi://10.30.161.217:9999/jmxrmi
52,10.30.161.203,ssh passed,tomcat8-smppsender04,UP,SMPPSender,eac148fcf08d0a637fd9421d14dfeae9fbab41f6,24,48122,18958,3337,/jndi/rmi://10.30.161.217:9999/jmxrmi
52,10.30.161.203,ssh passed,tomcat8-smppsender05,UP,SMPPSender,eac148fcf08d0a637fd9421d14dfeae9fbab41f6,24,48122,18958,3337,/jndi/rmi://10.30.161.217:9999/jmxrmi
52,10.30.161.203,ssh passed,tomcat8-smppsender06,UP,SMPPSender,eac148fcf08d0a637fd9421d14dfeae9fbab41f6,24,48122,18958,3337,/jndi/rmi://10.30.161.217:9999/jmxrmi
52,10.30.161.203,ssh passed,tomcat8-smppsender07,UP,SMPPSender,eac148fcf08d0a637fd9421d14dfeae9fbab41f6,24,48122,18958,3337,/jndi/rmi://10.30.161.217:9999/jmxrmi
52,10.30.161.203,ssh passed,tomcat8-smppsendercallback01,UP,SMPPSenderCallBack,81f991eee6f6621f03860771b285ef41fea40b3a,24,48122,18958,3337,/jndi/rmi://10.30.161.217:9999/jmxrmi
52,10.30.161.203,ssh passed,tomcat8-smppsendercallback02,UP,SMPPSenderCallBack,81f991eee6f6621f03860771b285ef41fea40b3a,24,48122,18958,3337,/jndi/rmi://10.30.161.217:9999/jmxrmi
53,10.30.161.25,ssh passed,tomcat8-smppsender01,UP,SMPPSender,eac148fcf08d0a637fd9421d14dfeae9fbab41f6,24,48122,18620,496,/jndi/rmi://10.30.161.217:9999/jmxrmi
53,10.30.161.25,ssh passed,tomcat8-smppsender02,UP,SMPPSender,eac148fcf08d0a637fd9421d14dfeae9fbab41f6,24,48122,18620,496,/jndi/rmi://10.30.161.217:9999/jmxrmi
53,10.30.161.25,ssh passed,tomcat8-smppsender03,UP,SMPPSender,eac148fcf08d0a637fd9421d14dfeae9fbab41f6,24,48122,18620,496,/jndi/rmi://10.30.161.217:9999/jmxrmi
53,10.30.161.25,ssh passed,tomcat8-smppsender04,UP,SMPPSender,eac148fcf08d0a637fd9421d14dfeae9fbab41f6,24,48122,18620,496,/jndi/rmi://10.30.161.217:9999/jmxrmi
53,10.30.161.25,ssh passed,tomcat8-smppsender05,UP,SMPPSender,eac148fcf08d0a637fd9421d14dfeae9fbab41f6,24,48122,18620,496,/jndi/rmi://10.30.161.217:9999/jmxrmi
53,10.30.161.25,ssh passed,tomcat8-smppsender06,UP,SMPPSender,eac148fcf08d0a637fd9421d14dfeae9fbab41f6,24,48122,18620,496,/jndi/rmi://10.30.161.217:9999/jmxrmi
53,10.30.161.25,ssh passed,tomcat8-smppsender07,UP,SMPPSender,eac148fcf08d0a637fd9421d14dfeae9fbab41f6,24,48122,18620,496,/jndi/rmi://10.30.161.217:9999/jmxrmi
53,10.30.161.25,ssh passed,tomcat8-smppsendercallback01,UP,SMPPSenderCallBack,81f991eee6f6621f03860771b285ef41fea40b3a,24,48122,18620,496,/jndi/rmi://10.30.161.217:9999/jmxrmi
53,10.30.161.25,ssh passed,tomcat8-smppsendercallback02,UP,SMPPSenderCallBack,81f991eee6f6621f03860771b285ef41fea40b3a,24,48122,18620,496,/jndi/rmi://10.30.161.217:9999/jmxrmi
54,10.30.161.26,ssh passed,tomcat8-smppsender01,UP,SMPPSender,eac148fcf08d0a637fd9421d14dfeae9fbab41f6,24,48122,19045,4299,/jndi/rmi://10.30.161.217:9999/jmxrmi
54,10.30.161.26,ssh passed,tomcat8-smppsender02,UP,SMPPSender,eac148fcf08d0a637fd9421d14dfeae9fbab41f6,24,48122,19045,4299,/jndi/rmi://10.30.161.217:9999/jmxrmi
54,10.30.161.26,ssh passed,tomcat8-smppsender03,UP,SMPPSender,eac148fcf08d0a637fd9421d14dfeae9fbab41f6,24,48122,19045,4299,/jndi/rmi://10.30.161.217:9999/jmxrmi
54,10.30.161.26,ssh passed,tomcat8-smppsender04,UP,SMPPSender,eac148fcf08d0a637fd9421d14dfeae9fbab41f6,24,48122,19045,4299,/jndi/rmi://10.30.161.217:9999/jmxrmi
54,10.30.161.26,ssh passed,tomcat8-smppsender05,UP,SMPPSender,eac148fcf08d0a637fd9421d14dfeae9fbab41f6,24,48122,19045,4299,/jndi/rmi://10.30.161.217:9999/jmxrmi
54,10.30.161.26,ssh passed,tomcat8-smppsender06,UP,SMPPSender,eac148fcf08d0a637fd9421d14dfeae9fbab41f6,24,48122,19045,4299,/jndi/rmi://10.30.161.217:9999/jmxrmi
54,10.30.161.26,ssh passed,tomcat8-smppsender07,UP,SMPPSender,eac148fcf08d0a637fd9421d14dfeae9fbab41f6,24,48122,19045,4299,/jndi/rmi://10.30.161.217:9999/jmxrmi
54,10.30.161.26,ssh passed,tomcat8-smppsendercallback01,UP,SMPPSenderCallBack,81f991eee6f6621f03860771b285ef41fea40b3a,24,48122,19045,4299,/jndi/rmi://10.30.161.217:9999/jmxrmi
54,10.30.161.26,ssh passed,tomcat8-smppsendercallback02,UP,SMPPSenderCallBack,81f991eee6f6621f03860771b285ef41fea40b3a,24,48122,19045,4299,/jndi/rmi://10.30.161.217:9999/jmxrmi
55,10.30.161.27,ssh passed,tomcat8-smppsender01,UP,SMPPSender,eac148fcf08d0a637fd9421d14dfeae9fbab41f6,24,48122,20296,2861,/jndi/rmi://10.30.161.217:9999/jmxrmi
55,10.30.161.27,ssh passed,tomcat8-smppsender02,UP,SMPPSender,eac148fcf08d0a637fd9421d14dfeae9fbab41f6,24,48122,20296,2861,/jndi/rmi://10.30.161.217:9999/jmxrmi
55,10.30.161.27,ssh passed,tomcat8-smppsender03,UP,SMPPSender,eac148fcf08d0a637fd9421d14dfeae9fbab41f6,24,48122,20296,2861,/jndi/rmi://10.30.161.217:9999/jmxrmi
55,10.30.161.27,ssh passed,tomcat8-smppsender04,UP,SMPPSender,eac148fcf08d0a637fd9421d14dfeae9fbab41f6,24,48122,20296,2861,/jndi/rmi://10.30.161.217:9999/jmxrmi
55,10.30.161.27,ssh passed,tomcat8-smppsender05,UP,SMPPSender,eac148fcf08d0a637fd9421d14dfeae9fbab41f6,24,48122,20296,2861,/jndi/rmi://10.30.161.217:9999/jmxrmi
55,10.30.161.27,ssh passed,tomcat8-smppsender06,UP,SMPPSender,eac148fcf08d0a637fd9421d14dfeae9fbab41f6,24,48122,20296,2861,/jndi/rmi://10.30.161.217:9999/jmxrmi
55,10.30.161.27,ssh passed,tomcat8-smppsender07,UP,SMPPSender,eac148fcf08d0a637fd9421d14dfeae9fbab41f6,24,48122,20296,2861,/jndi/rmi://10.30.161.217:9999/jmxrmi
55,10.30.161.27,ssh passed,tomcat8-smppsendercallback01,UP,SMPPSenderCallBack,81f991eee6f6621f03860771b285ef41fea40b3a,24,48122,20296,2861,/jndi/rmi://10.30.161.217:9999/jmxrmi
55,10.30.161.27,ssh passed,tomcat8-smppsendercallback02,UP,SMPPSenderCallBack,81f991eee6f6621f03860771b285ef41fea40b3a,24,48122,20296,2861,/jndi/rmi://10.30.161.217:9999/jmxrmi
56,10.30.161.28,ssh passed,tomcat8-smppsender01,UP,SMPPSender,eac148fcf08d0a637fd9421d14dfeae9fbab41f6,24,48122,18816,503,/jndi/rmi://10.30.161.217:9999/jmxrmi
56,10.30.161.28,ssh passed,tomcat8-smppsender02,UP,SMPPSender,eac148fcf08d0a637fd9421d14dfeae9fbab41f6,24,48122,18816,503,/jndi/rmi://10.30.161.217:9999/jmxrmi
56,10.30.161.28,ssh passed,tomcat8-smppsender03,UP,SMPPSender,eac148fcf08d0a637fd9421d14dfeae9fbab41f6,24,48122,18816,503,/jndi/rmi://10.30.161.217:9999/jmxrmi
56,10.30.161.28,ssh passed,tomcat8-smppsender04,UP,SMPPSender,eac148fcf08d0a637fd9421d14dfeae9fbab41f6,24,48122,18816,503,/jndi/rmi://10.30.161.217:9999/jmxrmi
56,10.30.161.28,ssh passed,tomcat8-smppsender05,UP,SMPPSender,eac148fcf08d0a637fd9421d14dfeae9fbab41f6,24,48122,18816,503,/jndi/rmi://10.30.161.217:9999/jmxrmi
56,10.30.161.28,ssh passed,tomcat8-smppsender06,UP,SMPPSender,eac148fcf08d0a637fd9421d14dfeae9fbab41f6,24,48122,18816,503,/jndi/rmi://10.30.161.217:9999/jmxrmi
56,10.30.161.28,ssh passed,tomcat8-smppsender07,UP,SMPPSender,eac148fcf08d0a637fd9421d14dfeae9fbab41f6,24,48122,18816,503,/jndi/rmi://10.30.161.217:9999/jmxrmi
56,10.30.161.28,ssh passed,tomcat8-smppsendercallback01,UP,SMPPSenderCallBack,81f991eee6f6621f03860771b285ef41fea40b3a,24,48122,18816,503,/jndi/rmi://10.30.161.217:9999/jmxrmi
56,10.30.161.28,ssh passed,tomcat8-smppsendercallback02,UP,SMPPSenderCallBack,81f991eee6f6621f03860771b285ef41fea40b3a,24,48122,18816,503,/jndi/rmi://10.30.161.217:9999/jmxrmi
57,10.30.161.29,ssh passed,tomcat8-smppsender01,UP,SMPPSender,eac148fcf08d0a637fd9421d14dfeae9fbab41f6,24,48122,16466,9255,/jndi/rmi://10.30.161.217:9999/jmxrmi
57,10.30.161.29,ssh passed,tomcat8-smppsender02,UP,SMPPSender,eac148fcf08d0a637fd9421d14dfeae9fbab41f6,24,48122,16466,9255,/jndi/rmi://10.30.161.217:9999/jmxrmi
57,10.30.161.29,ssh passed,tomcat8-smppsender03,UP,SMPPSender,eac148fcf08d0a637fd9421d14dfeae9fbab41f6,24,48122,16466,9255,/jndi/rmi://10.30.161.217:9999/jmxrmi
57,10.30.161.29,ssh passed,tomcat8-smppsender04,UP,SMPPSender,eac148fcf08d0a637fd9421d14dfeae9fbab41f6,24,48122,16466,9255,/jndi/rmi://10.30.161.217:9999/jmxrmi
57,10.30.161.29,ssh passed,tomcat8-smppsender05,UP,SMPPSender,eac148fcf08d0a637fd9421d14dfeae9fbab41f6,24,48122,16466,9255,/jndi/rmi://10.30.161.217:9999/jmxrmi
57,10.30.161.29,ssh passed,tomcat8-smppsender06,UP,SMPPSender,eac148fcf08d0a637fd9421d14dfeae9fbab41f6,24,48122,16466,9255,/jndi/rmi://10.30.161.217:9999/jmxrmi
57,10.30.161.29,ssh passed,tomcat8-smppsender07,UP,SMPPSender,eac148fcf08d0a637fd9421d14dfeae9fbab41f6,24,48122,16466,9255,/jndi/rmi://10.30.161.217:9999/jmxrmi
57,10.30.161.29,ssh passed,tomcat8-smppsendercallback01,UP,SMPPSenderCallBack,81f991eee6f6621f03860771b285ef41fea40b3a,24,48122,16466,9255,/jndi/rmi://10.30.161.217:9999/jmxrmi
57,10.30.161.29,ssh passed,tomcat8-smppsendercallback02,UP,SMPPSenderCallBack,81f991eee6f6621f03860771b285ef41fea40b3a,24,48122,16466,9255,/jndi/rmi://10.30.161.217:9999/jmxrmi
58,10.30.161.30,ssh passed,tomcat8-smppsender01,UP,SMPPSender,eac148fcf08d0a637fd9421d14dfeae9fbab41f6,24,48122,16913,343,/jndi/rmi://10.30.161.217:9999/jmxrmi
58,10.30.161.30,ssh passed,tomcat8-smppsender02,UP,SMPPSender,eac148fcf08d0a637fd9421d14dfeae9fbab41f6,24,48122,16913,343,/jndi/rmi://10.30.161.217:9999/jmxrmi
58,10.30.161.30,ssh passed,tomcat8-smppsender03,UP,SMPPSender,eac148fcf08d0a637fd9421d14dfeae9fbab41f6,24,48122,16913,343,/jndi/rmi://10.30.161.217:9999/jmxrmi
58,10.30.161.30,ssh passed,tomcat8-smppsender04,UP,SMPPSender,eac148fcf08d0a637fd9421d14dfeae9fbab41f6,24,48122,16913,343,/jndi/rmi://10.30.161.217:9999/jmxrmi
58,10.30.161.30,ssh passed,tomcat8-smppsender05,UP,SMPPSender,eac148fcf08d0a637fd9421d14dfeae9fbab41f6,24,48122,16913,343,/jndi/rmi://10.30.161.217:9999/jmxrmi
58,10.30.161.30,ssh passed,tomcat8-smppsender06,UP,SMPPSender,eac148fcf08d0a637fd9421d14dfeae9fbab41f6,24,48122,16913,343,/jndi/rmi://10.30.161.217:9999/jmxrmi
58,10.30.161.30,ssh passed,tomcat8-smppsender07,UP,SMPPSender,eac148fcf08d0a637fd9421d14dfeae9fbab41f6,24,48122,16913,343,/jndi/rmi://10.30.161.217:9999/jmxrmi
58,10.30.161.30,ssh passed,tomcat8-smppsendercallback01,UP,SMPPSenderCallBack,81f991eee6f6621f03860771b285ef41fea40b3a,24,48122,16913,343,/jndi/rmi://10.30.161.217:9999/jmxrmi
58,10.30.161.30,ssh passed,tomcat8-smppsendercallback02,UP,SMPPSenderCallBack,81f991eee6f6621f03860771b285ef41fea40b3a,24,48122,16913,343,/jndi/rmi://10.30.161.217:9999/jmxrmi
59,10.30.161.31,ssh passed,tomcat8-smppsender01,UP,SMPPSender,eac148fcf08d0a637fd9421d14dfeae9fbab41f6,24,48122,19550,566,/jndi/rmi://10.30.161.217:9999/jmxrmi
59,10.30.161.31,ssh passed,tomcat8-smppsender02,UP,SMPPSender,eac148fcf08d0a637fd9421d14dfeae9fbab41f6,24,48122,19550,566,/jndi/rmi://10.30.161.217:9999/jmxrmi
59,10.30.161.31,ssh passed,tomcat8-smppsender03,UP,SMPPSender,eac148fcf08d0a637fd9421d14dfeae9fbab41f6,24,48122,19550,566,/jndi/rmi://10.30.161.217:9999/jmxrmi
59,10.30.161.31,ssh passed,tomcat8-smppsender04,UP,SMPPSender,eac148fcf08d0a637fd9421d14dfeae9fbab41f6,24,48122,19550,566,/jndi/rmi://10.30.161.217:9999/jmxrmi
59,10.30.161.31,ssh passed,tomcat8-smppsender05,UP,SMPPSender,eac148fcf08d0a637fd9421d14dfeae9fbab41f6,24,48122,19550,566,/jndi/rmi://10.30.161.217:9999/jmxrmi
59,10.30.161.31,ssh passed,tomcat8-smppsender06,UP,SMPPSender,eac148fcf08d0a637fd9421d14dfeae9fbab41f6,24,48122,19550,566,/jndi/rmi://10.30.161.217:9999/jmxrmi
59,10.30.161.31,ssh passed,tomcat8-smppsender07,UP,SMPPSender,eac148fcf08d0a637fd9421d14dfeae9fbab41f6,24,48122,19550,566,/jndi/rmi://10.30.161.217:9999/jmxrmi
59,10.30.161.31,ssh passed,tomcat8-smppsendercallback01,UP,SMPPSenderCallBack,81f991eee6f6621f03860771b285ef41fea40b3a,24,48122,19550,566,/jndi/rmi://10.30.161.217:9999/jmxrmi
59,10.30.161.31,ssh passed,tomcat8-smppsendercallback02,UP,SMPPSenderCallBack,81f991eee6f6621f03860771b285ef41fea40b3a,24,48122,19550,566,/jndi/rmi://10.30.161.217:9999/jmxrmi
60,10.30.161.32,ssh passed,tomcat8-smppsender01,UP,SMPPSender,eac148fcf08d0a637fd9421d14dfeae9fbab41f6,24,48122,13776,15222,/jndi/rmi://10.30.161.217:9999/jmxrmi
60,10.30.161.32,ssh passed,tomcat8-smppsender02,UP,SMPPSender,eac148fcf08d0a637fd9421d14dfeae9fbab41f6,24,48122,13776,15222,/jndi/rmi://10.30.161.217:9999/jmxrmi
60,10.30.161.32,ssh passed,tomcat8-smppsender03,UP,SMPPSender,eac148fcf08d0a637fd9421d14dfeae9fbab41f6,24,48122,13776,15222,/jndi/rmi://10.30.161.217:9999/jmxrmi
60,10.30.161.32,ssh passed,tomcat8-smppsender04,UP,SMPPSender,eac148fcf08d0a637fd9421d14dfeae9fbab41f6,24,48122,13776,15222,/jndi/rmi://10.30.161.217:9999/jmxrmi
60,10.30.161.32,ssh passed,tomcat8-smppsender05,UP,SMPPSender,eac148fcf08d0a637fd9421d14dfeae9fbab41f6,24,48122,13776,15222,/jndi/rmi://10.30.161.217:9999/jmxrmi
60,10.30.161.32,ssh passed,tomcat8-smppsender06,UP,SMPPSender,eac148fcf08d0a637fd9421d14dfeae9fbab41f6,24,48122,13776,15222,/jndi/rmi://10.30.161.217:9999/jmxrmi
60,10.30.161.32,ssh passed,tomcat8-smppsender07,UP,SMPPSender,eac148fcf08d0a637fd9421d14dfeae9fbab41f6,24,48122,13776,15222,/jndi/rmi://10.30.161.217:9999/jmxrmi
60,10.30.161.32,ssh passed,tomcat8-smppsendercallback01,UP,SMPPSenderCallBack,81f991eee6f6621f03860771b285ef41fea40b3a,24,48122,13776,15222,/jndi/rmi://10.30.161.217:9999/jmxrmi
60,10.30.161.32,ssh passed,tomcat8-smppsendercallback02,UP,SMPPSenderCallBack,81f991eee6f6621f03860771b285ef41fea40b3a,24,48122,13776,15222,/jndi/rmi://10.30.161.217:9999/jmxrmi
61,10.30.161.233,ssh passed,tomcat8-smppsender01,UP,SMPPSender,eac148fcf08d0a637fd9421d14dfeae9fbab41f6,24,48122,22250,689,/jndi/rmi://10.30.161.217:9999/jmxrmi
61,10.30.161.233,ssh passed,tomcat8-smppsender02,UP,SMPPSender,eac148fcf08d0a637fd9421d14dfeae9fbab41f6,24,48122,22250,689,/jndi/rmi://10.30.161.217:9999/jmxrmi
61,10.30.161.233,ssh passed,tomcat8-smppsender03,UP,SMPPSender,eac148fcf08d0a637fd9421d14dfeae9fbab41f6,24,48122,22250,689,/jndi/rmi://10.30.161.217:9999/jmxrmi
61,10.30.161.233,ssh passed,tomcat8-smppsender04,UP,SMPPSender,eac148fcf08d0a637fd9421d14dfeae9fbab41f6,24,48122,22250,689,/jndi/rmi://10.30.161.217:9999/jmxrmi
61,10.30.161.233,ssh passed,tomcat8-smppsender05,UP,SMPPSender,eac148fcf08d0a637fd9421d14dfeae9fbab41f6,24,48122,22250,689,/jndi/rmi://10.30.161.217:9999/jmxrmi
61,10.30.161.233,ssh passed,tomcat8-smppsender06,UP,SMPPSender,eac148fcf08d0a637fd9421d14dfeae9fbab41f6,24,48122,22250,689,/jndi/rmi://10.30.161.217:9999/jmxrmi
61,10.30.161.233,ssh passed,tomcat8-smppsender07,UP,SMPPSender,eac148fcf08d0a637fd9421d14dfeae9fbab41f6,24,48122,22250,689,/jndi/rmi://10.30.161.217:9999/jmxrmi
61,10.30.161.233,ssh passed,tomcat8-smppsendercallback01,UP,SMPPSenderCallBack,81f991eee6f6621f03860771b285ef41fea40b3a,24,48122,22250,689,/jndi/rmi://10.30.161.217:9999/jmxrmi
61,10.30.161.233,ssh passed,tomcat8-smppsendercallback02,UP,SMPPSenderCallBack,81f991eee6f6621f03860771b285ef41fea40b3a,24,48122,22250,689,/jndi/rmi://10.30.161.217:9999/jmxrmi
62,10.30.161.234,ssh passed,tomcat8-smppsender01,UP,SMPPSender,eac148fcf08d0a637fd9421d14dfeae9fbab41f6,24,48122,18856,976,/jndi/rmi://10.30.161.217:9999/jmxrmi
62,10.30.161.234,ssh passed,tomcat8-smppsender02,UP,SMPPSender,eac148fcf08d0a637fd9421d14dfeae9fbab41f6,24,48122,18856,976,/jndi/rmi://10.30.161.217:9999/jmxrmi
62,10.30.161.234,ssh passed,tomcat8-smppsender03,UP,SMPPSender,eac148fcf08d0a637fd9421d14dfeae9fbab41f6,24,48122,18856,976,/jndi/rmi://10.30.161.217:9999/jmxrmi
62,10.30.161.234,ssh passed,tomcat8-smppsender04,UP,SMPPSender,eac148fcf08d0a637fd9421d14dfeae9fbab41f6,24,48122,18856,976,/jndi/rmi://10.30.161.217:9999/jmxrmi
62,10.30.161.234,ssh passed,tomcat8-smppsender05,UP,SMPPSender,eac148fcf08d0a637fd9421d14dfeae9fbab41f6,24,48122,18856,976,/jndi/rmi://10.30.161.217:9999/jmxrmi
62,10.30.161.234,ssh passed,tomcat8-smppsender06,UP,SMPPSender,eac148fcf08d0a637fd9421d14dfeae9fbab41f6,24,48122,18856,976,/jndi/rmi://10.30.161.217:9999/jmxrmi
62,10.30.161.234,ssh passed,tomcat8-smppsender07,UP,SMPPSender,eac148fcf08d0a637fd9421d14dfeae9fbab41f6,24,48122,18856,976,/jndi/rmi://10.30.161.217:9999/jmxrmi
62,10.30.161.234,ssh passed,tomcat8-smppsendercallback01,UP,SMPPSenderCallBack,81f991eee6f6621f03860771b285ef41fea40b3a,24,48122,18856,976,/jndi/rmi://10.30.161.217:9999/jmxrmi
62,10.30.161.234,ssh passed,tomcat8-smppsendercallback02,UP,SMPPSenderCallBack,81f991eee6f6621f03860771b285ef41fea40b3a,24,48122,18856,976,/jndi/rmi://10.30.161.217:9999/jmxrmi
63,10.30.161.235,ssh passed,tomcat8-smppsender01,UP,SMPPSender,eac148fcf08d0a637fd9421d14dfeae9fbab41f6,24,48122,15854,923,/jndi/rmi://10.30.161.217:9999/jmxrmi
63,10.30.161.235,ssh passed,tomcat8-smppsender02,UP,SMPPSender,eac148fcf08d0a637fd9421d14dfeae9fbab41f6,24,48122,15854,923,/jndi/rmi://10.30.161.217:9999/jmxrmi
63,10.30.161.235,ssh passed,tomcat8-smppsender03,UP,SMPPSender,eac148fcf08d0a637fd9421d14dfeae9fbab41f6,24,48122,15854,923,/jndi/rmi://10.30.161.217:9999/jmxrmi
63,10.30.161.235,ssh passed,tomcat8-smppsender04,UP,SMPPSender,eac148fcf08d0a637fd9421d14dfeae9fbab41f6,24,48122,15854,923,/jndi/rmi://10.30.161.217:9999/jmxrmi
63,10.30.161.235,ssh passed,tomcat8-smppsender05,UP,SMPPSender,eac148fcf08d0a637fd9421d14dfeae9fbab41f6,24,48122,15854,923,/jndi/rmi://10.30.161.217:9999/jmxrmi
63,10.30.161.235,ssh passed,tomcat8-smppsender06,UP,SMPPSender,eac148fcf08d0a637fd9421d14dfeae9fbab41f6,24,48122,15854,923,/jndi/rmi://10.30.161.217:9999/jmxrmi
63,10.30.161.235,ssh passed,tomcat8-smppsender07,UP,SMPPSender,eac148fcf08d0a637fd9421d14dfeae9fbab41f6,24,48122,15854,923,/jndi/rmi://10.30.161.217:9999/jmxrmi
63,10.30.161.235,ssh passed,tomcat8-smppsendercallback01,UP,SMPPSenderCallBack,81f991eee6f6621f03860771b285ef41fea40b3a,24,48122,15854,923,/jndi/rmi://10.30.161.217:9999/jmxrmi
63,10.30.161.235,ssh passed,tomcat8-smppsendercallback02,UP,SMPPSenderCallBack,81f991eee6f6621f03860771b285ef41fea40b3a,24,48122,15854,923,/jndi/rmi://10.30.161.217:9999/jmxrmi
64,10.30.161.236,ssh passed,tomcat8-smppsender01,UP,SMPPSender,eac148fcf08d0a637fd9421d14dfeae9fbab41f6,24,48122,17252,7561,/jndi/rmi://10.30.161.217:9999/jmxrmi
64,10.30.161.236,ssh passed,tomcat8-smppsender02,UP,SMPPSender,eac148fcf08d0a637fd9421d14dfeae9fbab41f6,24,48122,17252,7561,/jndi/rmi://10.30.161.217:9999/jmxrmi
64,10.30.161.236,ssh passed,tomcat8-smppsender03,UP,SMPPSender,eac148fcf08d0a637fd9421d14dfeae9fbab41f6,24,48122,17252,7561,/jndi/rmi://10.30.161.217:9999/jmxrmi
64,10.30.161.236,ssh passed,tomcat8-smppsender04,UP,SMPPSender,eac148fcf08d0a637fd9421d14dfeae9fbab41f6,24,48122,17252,7561,/jndi/rmi://10.30.161.217:9999/jmxrmi
64,10.30.161.236,ssh passed,tomcat8-smppsender05,UP,SMPPSender,eac148fcf08d0a637fd9421d14dfeae9fbab41f6,24,48122,17252,7561,/jndi/rmi://10.30.161.217:9999/jmxrmi
64,10.30.161.236,ssh passed,tomcat8-smppsender06,UP,SMPPSender,eac148fcf08d0a637fd9421d14dfeae9fbab41f6,24,48122,17252,7561,/jndi/rmi://10.30.161.217:9999/jmxrmi
64,10.30.161.236,ssh passed,tomcat8-smppsender07,UP,SMPPSender,eac148fcf08d0a637fd9421d14dfeae9fbab41f6,24,48122,17252,7561,/jndi/rmi://10.30.161.217:9999/jmxrmi
64,10.30.161.236,ssh passed,tomcat8-smppsendercallback01,UP,SMPPSenderCallBack,81f991eee6f6621f03860771b285ef41fea40b3a,24,48122,17252,7561,/jndi/rmi://10.30.161.217:9999/jmxrmi
64,10.30.161.236,ssh passed,tomcat8-smppsendercallback02,UP,SMPPSenderCallBack,81f991eee6f6621f03860771b285ef41fea40b3a,24,48122,17252,7561,/jndi/rmi://10.30.161.217:9999/jmxrmi
65,10.30.161.237,ssh passed,tomcat8-smppsender01,UP,SMPPSender,eac148fcf08d0a637fd9421d14dfeae9fbab41f6,24,48122,22795,760,/jndi/rmi://10.30.161.217:9999/jmxrmi
65,10.30.161.237,ssh passed,tomcat8-smppsender02,UP,SMPPSender,eac148fcf08d0a637fd9421d14dfeae9fbab41f6,24,48122,22795,760,/jndi/rmi://10.30.161.217:9999/jmxrmi
65,10.30.161.237,ssh passed,tomcat8-smppsender03,UP,SMPPSender,eac148fcf08d0a637fd9421d14dfeae9fbab41f6,24,48122,22795,760,/jndi/rmi://10.30.161.217:9999/jmxrmi
65,10.30.161.237,ssh passed,tomcat8-smppsender04,UP,SMPPSender,eac148fcf08d0a637fd9421d14dfeae9fbab41f6,24,48122,22795,760,/jndi/rmi://10.30.161.217:9999/jmxrmi
65,10.30.161.237,ssh passed,tomcat8-smppsender05,UP,SMPPSender,eac148fcf08d0a637fd9421d14dfeae9fbab41f6,24,48122,22795,760,/jndi/rmi://10.30.161.217:9999/jmxrmi
65,10.30.161.237,ssh passed,tomcat8-smppsender06,UP,SMPPSender,eac148fcf08d0a637fd9421d14dfeae9fbab41f6,24,48122,22795,760,/jndi/rmi://10.30.161.217:9999/jmxrmi
65,10.30.161.237,ssh passed,tomcat8-smppsender07,UP,SMPPSender,eac148fcf08d0a637fd9421d14dfeae9fbab41f6,24,48122,22795,760,/jndi/rmi://10.30.161.217:9999/jmxrmi
65,10.30.161.237,ssh passed,tomcat8-smppsendercallback01,UP,SMPPSenderCallBack,81f991eee6f6621f03860771b285ef41fea40b3a,24,48122,22795,760,/jndi/rmi://10.30.161.217:9999/jmxrmi
65,10.30.161.237,ssh passed,tomcat8-smppsendercallback02,UP,SMPPSenderCallBack,81f991eee6f6621f03860771b285ef41fea40b3a,24,48122,22795,760,/jndi/rmi://10.30.161.217:9999/jmxrmi
66,10.30.161.238,ssh passed,tomcat8-smppsender01,UP,SMPPSender,eac148fcf08d0a637fd9421d14dfeae9fbab41f6,24,48122,18192,1398,/jndi/rmi://10.30.161.217:9999/jmxrmi
66,10.30.161.238,ssh passed,tomcat8-smppsender02,UP,SMPPSender,eac148fcf08d0a637fd9421d14dfeae9fbab41f6,24,48122,18192,1398,/jndi/rmi://10.30.161.217:9999/jmxrmi
66,10.30.161.238,ssh passed,tomcat8-smppsender03,UP,SMPPSender,eac148fcf08d0a637fd9421d14dfeae9fbab41f6,24,48122,18192,1398,/jndi/rmi://10.30.161.217:9999/jmxrmi
66,10.30.161.238,ssh passed,tomcat8-smppsender04,UP,SMPPSender,eac148fcf08d0a637fd9421d14dfeae9fbab41f6,24,48122,18192,1398,/jndi/rmi://10.30.161.217:9999/jmxrmi
66,10.30.161.238,ssh passed,tomcat8-smppsender05,UP,SMPPSender,eac148fcf08d0a637fd9421d14dfeae9fbab41f6,24,48122,18192,1398,/jndi/rmi://10.30.161.217:9999/jmxrmi
66,10.30.161.238,ssh passed,tomcat8-smppsender06,UP,SMPPSender,eac148fcf08d0a637fd9421d14dfeae9fbab41f6,24,48122,18192,1398,/jndi/rmi://10.30.161.217:9999/jmxrmi
66,10.30.161.238,ssh passed,tomcat8-smppsender07,UP,SMPPSender,eac148fcf08d0a637fd9421d14dfeae9fbab41f6,24,48122,18192,1398,/jndi/rmi://10.30.161.217:9999/jmxrmi
66,10.30.161.238,ssh passed,tomcat8-smppsendercallback01,UP,SMPPSenderCallBack,81f991eee6f6621f03860771b285ef41fea40b3a,24,48122,18192,1398,/jndi/rmi://10.30.161.217:9999/jmxrmi
66,10.30.161.238,ssh passed,tomcat8-smppsendercallback02,UP,SMPPSenderCallBack,81f991eee6f6621f03860771b285ef41fea40b3a,24,48122,18192,1398,/jndi/rmi://10.30.161.217:9999/jmxrmi
67,10.30.161.239,ssh passed,tomcat8-smppsender01,UP,SMPPSender,eac148fcf08d0a637fd9421d14dfeae9fbab41f6,24,48122,14254,7770,/jndi/rmi://10.30.161.217:9999/jmxrmi
67,10.30.161.239,ssh passed,tomcat8-smppsender02,UP,SMPPSender,eac148fcf08d0a637fd9421d14dfeae9fbab41f6,24,48122,14254,7770,/jndi/rmi://10.30.161.217:9999/jmxrmi
67,10.30.161.239,ssh passed,tomcat8-smppsender03,UP,SMPPSender,eac148fcf08d0a637fd9421d14dfeae9fbab41f6,24,48122,14254,7770,/jndi/rmi://10.30.161.217:9999/jmxrmi
67,10.30.161.239,ssh passed,tomcat8-smppsender04,UP,SMPPSender,eac148fcf08d0a637fd9421d14dfeae9fbab41f6,24,48122,14254,7770,/jndi/rmi://10.30.161.217:9999/jmxrmi
67,10.30.161.239,ssh passed,tomcat8-smppsender05,UP,SMPPSender,eac148fcf08d0a637fd9421d14dfeae9fbab41f6,24,48122,14254,7770,/jndi/rmi://10.30.161.217:9999/jmxrmi
67,10.30.161.239,ssh passed,tomcat8-smppsender06,UP,SMPPSender,eac148fcf08d0a637fd9421d14dfeae9fbab41f6,24,48122,14254,7770,/jndi/rmi://10.30.161.217:9999/jmxrmi
67,10.30.161.239,ssh passed,tomcat8-smppsender07,UP,SMPPSender,eac148fcf08d0a637fd9421d14dfeae9fbab41f6,24,48122,14254,7770,/jndi/rmi://10.30.161.217:9999/jmxrmi
67,10.30.161.239,ssh passed,tomcat8-smppsendercallback01,UP,SMPPSenderCallBack,81f991eee6f6621f03860771b285ef41fea40b3a,24,48122,14254,7770,/jndi/rmi://10.30.161.217:9999/jmxrmi
67,10.30.161.239,ssh passed,tomcat8-smppsendercallback02,UP,SMPPSenderCallBack,81f991eee6f6621f03860771b285ef41fea40b3a,24,48122,14254,7770,/jndi/rmi://10.30.161.217:9999/jmxrmi
68,10.30.161.240,ssh passed,tomcat8-smppsender01,UP,SMPPSender,eac148fcf08d0a637fd9421d14dfeae9fbab41f6,24,48122,17998,567,/jndi/rmi://10.30.161.217:9999/jmxrmi
68,10.30.161.240,ssh passed,tomcat8-smppsender02,UP,SMPPSender,eac148fcf08d0a637fd9421d14dfeae9fbab41f6,24,48122,17998,567,/jndi/rmi://10.30.161.217:9999/jmxrmi
68,10.30.161.240,ssh passed,tomcat8-smppsender03,UP,SMPPSender,eac148fcf08d0a637fd9421d14dfeae9fbab41f6,24,48122,17998,567,/jndi/rmi://10.30.161.217:9999/jmxrmi
68,10.30.161.240,ssh passed,tomcat8-smppsender04,UP,SMPPSender,eac148fcf08d0a637fd9421d14dfeae9fbab41f6,24,48122,17998,567,/jndi/rmi://10.30.161.217:9999/jmxrmi
68,10.30.161.240,ssh passed,tomcat8-smppsender05,UP,SMPPSender,eac148fcf08d0a637fd9421d14dfeae9fbab41f6,24,48122,17998,567,/jndi/rmi://10.30.161.217:9999/jmxrmi
68,10.30.161.240,ssh passed,tomcat8-smppsender06,UP,SMPPSender,eac148fcf08d0a637fd9421d14dfeae9fbab41f6,24,48122,17998,567,/jndi/rmi://10.30.161.217:9999/jmxrmi
68,10.30.161.240,ssh passed,tomcat8-smppsender07,UP,SMPPSender,eac148fcf08d0a637fd9421d14dfeae9fbab41f6,24,48122,17998,567,/jndi/rmi://10.30.161.217:9999/jmxrmi
68,10.30.161.240,ssh passed,tomcat8-smppsendercallback01,UP,SMPPSenderCallBack,81f991eee6f6621f03860771b285ef41fea40b3a,24,48122,17998,567,/jndi/rmi://10.30.161.217:9999/jmxrmi
68,10.30.161.240,ssh passed,tomcat8-smppsendercallback02,UP,SMPPSenderCallBack,81f991eee6f6621f03860771b285ef41fea40b3a,24,48122,17998,567,/jndi/rmi://10.30.161.217:9999/jmxrmi
69,10.30.161.241,ssh passed,tomcat8-smppsender01,UP,SMPPSender,eac148fcf08d0a637fd9421d14dfeae9fbab41f6,24,48122,21839,960,/jndi/rmi://10.30.161.217:9999/jmxrmi
69,10.30.161.241,ssh passed,tomcat8-smppsender02,UP,SMPPSender,eac148fcf08d0a637fd9421d14dfeae9fbab41f6,24,48122,21839,960,/jndi/rmi://10.30.161.217:9999/jmxrmi
69,10.30.161.241,ssh passed,tomcat8-smppsender03,UP,SMPPSender,eac148fcf08d0a637fd9421d14dfeae9fbab41f6,24,48122,21839,960,/jndi/rmi://10.30.161.217:9999/jmxrmi
69,10.30.161.241,ssh passed,tomcat8-smppsender04,UP,SMPPSender,eac148fcf08d0a637fd9421d14dfeae9fbab41f6,24,48122,21839,960,/jndi/rmi://10.30.161.217:9999/jmxrmi
69,10.30.161.241,ssh passed,tomcat8-smppsender05,UP,SMPPSender,eac148fcf08d0a637fd9421d14dfeae9fbab41f6,24,48122,21839,960,/jndi/rmi://10.30.161.217:9999/jmxrmi
69,10.30.161.241,ssh passed,tomcat8-smppsender06,UP,SMPPSender,eac148fcf08d0a637fd9421d14dfeae9fbab41f6,24,48122,21839,960,/jndi/rmi://10.30.161.217:9999/jmxrmi
69,10.30.161.241,ssh passed,tomcat8-smppsender07,UP,SMPPSender,eac148fcf08d0a637fd9421d14dfeae9fbab41f6,24,48122,21839,960,/jndi/rmi://10.30.161.217:9999/jmxrmi
69,10.30.161.241,ssh passed,tomcat8-smppsendercallback01,UP,SMPPSenderCallBack,81f991eee6f6621f03860771b285ef41fea40b3a,24,48122,21839,960,/jndi/rmi://10.30.161.217:9999/jmxrmi
69,10.30.161.241,ssh passed,tomcat8-smppsendercallback02,UP,SMPPSenderCallBack,81f991eee6f6621f03860771b285ef41fea40b3a,24,48122,21839,960,/jndi/rmi://10.30.161.217:9999/jmxrmi
70,10.30.161.242,ssh passed,tomcat8-smppsender01,UP,SMPPSender,eac148fcf08d0a637fd9421d14dfeae9fbab41f6,24,48122,13522,2329,/jndi/rmi://10.30.161.217:9999/jmxrmi
70,10.30.161.242,ssh passed,tomcat8-smppsender02,UP,SMPPSender,eac148fcf08d0a637fd9421d14dfeae9fbab41f6,24,48122,13522,2329,/jndi/rmi://10.30.161.217:9999/jmxrmi
70,10.30.161.242,ssh passed,tomcat8-smppsender03,UP,SMPPSender,eac148fcf08d0a637fd9421d14dfeae9fbab41f6,24,48122,13522,2329,/jndi/rmi://10.30.161.217:9999/jmxrmi
70,10.30.161.242,ssh passed,tomcat8-smppsender04,UP,SMPPSender,eac148fcf08d0a637fd9421d14dfeae9fbab41f6,24,48122,13522,2329,/jndi/rmi://10.30.161.217:9999/jmxrmi
70,10.30.161.242,ssh passed,tomcat8-smppsender05,UP,SMPPSender,eac148fcf08d0a637fd9421d14dfeae9fbab41f6,24,48122,13522,2329,/jndi/rmi://10.30.161.217:9999/jmxrmi
70,10.30.161.242,ssh passed,tomcat8-smppsender06,UP,SMPPSender,eac148fcf08d0a637fd9421d14dfeae9fbab41f6,24,48122,13522,2329,/jndi/rmi://10.30.161.217:9999/jmxrmi
70,10.30.161.242,ssh passed,tomcat8-smppsender07,UP,SMPPSender,eac148fcf08d0a637fd9421d14dfeae9fbab41f6,24,48122,13522,2329,/jndi/rmi://10.30.161.217:9999/jmxrmi
70,10.30.161.242,ssh passed,tomcat8-smppsendercallback01,UP,SMPPSenderCallBack,81f991eee6f6621f03860771b285ef41fea40b3a,24,48122,13522,2329,/jndi/rmi://10.30.161.217:9999/jmxrmi
70,10.30.161.242,ssh passed,tomcat8-smppsendercallback02,UP,SMPPSenderCallBack,81f991eee6f6621f03860771b285ef41fea40b3a,24,48122,13522,2329,/jndi/rmi://10.30.161.217:9999/jmxrmi
71,10.30.161.243,ssh passed,tomcat8-smppsender01,UP,SMPPSender,eac148fcf08d0a637fd9421d14dfeae9fbab41f6,24,48122,18151,6101,/jndi/rmi://10.30.161.217:9999/jmxrmi
71,10.30.161.243,ssh passed,tomcat8-smppsender02,UP,SMPPSender,eac148fcf08d0a637fd9421d14dfeae9fbab41f6,24,48122,18151,6101,/jndi/rmi://10.30.161.217:9999/jmxrmi
71,10.30.161.243,ssh passed,tomcat8-smppsender03,UP,SMPPSender,eac148fcf08d0a637fd9421d14dfeae9fbab41f6,24,48122,18151,6101,/jndi/rmi://10.30.161.217:9999/jmxrmi
71,10.30.161.243,ssh passed,tomcat8-smppsender04,UP,SMPPSender,eac148fcf08d0a637fd9421d14dfeae9fbab41f6,24,48122,18151,6101,/jndi/rmi://10.30.161.217:9999/jmxrmi
71,10.30.161.243,ssh passed,tomcat8-smppsender05,UP,SMPPSender,eac148fcf08d0a637fd9421d14dfeae9fbab41f6,24,48122,18151,6101,/jndi/rmi://10.30.161.217:9999/jmxrmi
71,10.30.161.243,ssh passed,tomcat8-smppsender06,UP,SMPPSender,eac148fcf08d0a637fd9421d14dfeae9fbab41f6,24,48122,18151,6101,/jndi/rmi://10.30.161.217:9999/jmxrmi
71,10.30.161.243,ssh passed,tomcat8-smppsender07,UP,SMPPSender,eac148fcf08d0a637fd9421d14dfeae9fbab41f6,24,48122,18151,6101,/jndi/rmi://10.30.161.217:9999/jmxrmi
71,10.30.161.243,ssh passed,tomcat8-smppsendercallback01,UP,SMPPSenderCallBack,81f991eee6f6621f03860771b285ef41fea40b3a,24,48122,18151,6101,/jndi/rmi://10.30.161.217:9999/jmxrmi
71,10.30.161.243,ssh passed,tomcat8-smppsendercallback02,UP,SMPPSenderCallBack,81f991eee6f6621f03860771b285ef41fea40b3a,24,48122,18151,6101,/jndi/rmi://10.30.161.217:9999/jmxrmi
72,10.30.161.244,ssh passed,tomcat8-smppsender01,DOWN,SMPPSender,81f991eee6f6621f03860771b285ef41fea40b3a,24,48122,2293,35848,/jndi/rmi://10.30.161.217:9999/jmxrmi
72,10.30.161.244,ssh passed,tomcat8-smppsender02,DOWN,SMPPSender,81f991eee6f6621f03860771b285ef41fea40b3a,24,48122,2293,35848,/jndi/rmi://10.30.161.217:9999/jmxrmi
72,10.30.161.244,ssh passed,tomcat8-smppsender03,DOWN,SMPPSender,81f991eee6f6621f03860771b285ef41fea40b3a,24,48122,2293,35848,/jndi/rmi://10.30.161.217:9999/jmxrmi
72,10.30.161.244,ssh passed,tomcat8-smppsender04,DOWN,SMPPSender,81f991eee6f6621f03860771b285ef41fea40b3a,24,48122,2293,35848,/jndi/rmi://10.30.161.217:9999/jmxrmi
72,10.30.161.244,ssh passed,tomcat8-smppsender05,DOWN,SMPPSender,81f991eee6f6621f03860771b285ef41fea40b3a,24,48122,2293,35848,/jndi/rmi://10.30.161.217:9999/jmxrmi
72,10.30.161.244,ssh passed,tomcat8-smppsender06,DOWN,SMPPSender,81f991eee6f6621f03860771b285ef41fea40b3a,24,48122,2293,35848,/jndi/rmi://10.30.161.217:9999/jmxrmi
72,10.30.161.244,ssh passed,tomcat8-smppsender07,DOWN,SMPPSender,81f991eee6f6621f03860771b285ef41fea40b3a,24,48122,2293,35848,/jndi/rmi://10.30.161.217:9999/jmxrmi
72,10.30.161.244,ssh passed,tomcat8-smppsendercallback01,DOWN,SMPPSenderCallBack,81f991eee6f6621f03860771b285ef41fea40b3a,24,48122,2293,35848,/jndi/rmi://10.30.161.217:9999/jmxrmi
72,10.30.161.244,ssh passed,tomcat8-smppsendercallback02,DOWN,SMPPSenderCallBack,81f991eee6f6621f03860771b285ef41fea40b3a,24,48122,2293,35848,/jndi/rmi://10.30.161.217:9999/jmxrmi
73,10.30.161.245,ssh passed,tomcat8-smppsender01,UP,SMPPSender,eac148fcf08d0a637fd9421d14dfeae9fbab41f6,24,48122,22424,685,/jndi/rmi://10.30.161.217:9999/jmxrmi
73,10.30.161.245,ssh passed,tomcat8-smppsender02,UP,SMPPSender,eac148fcf08d0a637fd9421d14dfeae9fbab41f6,24,48122,22424,685,/jndi/rmi://10.30.161.217:9999/jmxrmi
73,10.30.161.245,ssh passed,tomcat8-smppsender03,UP,SMPPSender,eac148fcf08d0a637fd9421d14dfeae9fbab41f6,24,48122,22424,685,/jndi/rmi://10.30.161.217:9999/jmxrmi
73,10.30.161.245,ssh passed,tomcat8-smppsender04,UP,SMPPSender,eac148fcf08d0a637fd9421d14dfeae9fbab41f6,24,48122,22424,685,/jndi/rmi://10.30.161.217:9999/jmxrmi
73,10.30.161.245,ssh passed,tomcat8-smppsender05,UP,SMPPSender,eac148fcf08d0a637fd9421d14dfeae9fbab41f6,24,48122,22424,685,/jndi/rmi://10.30.161.217:9999/jmxrmi
73,10.30.161.245,ssh passed,tomcat8-smppsender06,UP,SMPPSender,eac148fcf08d0a637fd9421d14dfeae9fbab41f6,24,48122,22424,685,/jndi/rmi://10.30.161.217:9999/jmxrmi
73,10.30.161.245,ssh passed,tomcat8-smppsender07,UP,SMPPSender,eac148fcf08d0a637fd9421d14dfeae9fbab41f6,24,48122,22424,685,/jndi/rmi://10.30.161.217:9999/jmxrmi
73,10.30.161.245,ssh passed,tomcat8-smppsendercallback01,UP,SMPPSenderCallBack,81f991eee6f6621f03860771b285ef41fea40b3a,24,48122,22424,685,/jndi/rmi://10.30.161.217:9999/jmxrmi
73,10.30.161.245,ssh passed,tomcat8-smppsendercallback02,UP,SMPPSenderCallBack,81f991eee6f6621f03860771b285ef41fea40b3a,24,48122,22424,685,/jndi/rmi://10.30.161.217:9999/jmxrmi
74,10.30.161.246,ssh passed,tomcat8-smppsender01,UP,SMPPSender,eac148fcf08d0a637fd9421d14dfeae9fbab41f6,24,48122,18968,544,/jndi/rmi://10.30.161.217:9999/jmxrmi
74,10.30.161.246,ssh passed,tomcat8-smppsender02,UP,SMPPSender,eac148fcf08d0a637fd9421d14dfeae9fbab41f6,24,48122,18968,544,/jndi/rmi://10.30.161.217:9999/jmxrmi
74,10.30.161.246,ssh passed,tomcat8-smppsender03,UP,SMPPSender,eac148fcf08d0a637fd9421d14dfeae9fbab41f6,24,48122,18968,544,/jndi/rmi://10.30.161.217:9999/jmxrmi
74,10.30.161.246,ssh passed,tomcat8-smppsender04,UP,SMPPSender,eac148fcf08d0a637fd9421d14dfeae9fbab41f6,24,48122,18968,544,/jndi/rmi://10.30.161.217:9999/jmxrmi
74,10.30.161.246,ssh passed,tomcat8-smppsender05,UP,SMPPSender,eac148fcf08d0a637fd9421d14dfeae9fbab41f6,24,48122,18968,544,/jndi/rmi://10.30.161.217:9999/jmxrmi
74,10.30.161.246,ssh passed,tomcat8-smppsender06,UP,SMPPSender,eac148fcf08d0a637fd9421d14dfeae9fbab41f6,24,48122,18968,544,/jndi/rmi://10.30.161.217:9999/jmxrmi
74,10.30.161.246,ssh passed,tomcat8-smppsender07,UP,SMPPSender,eac148fcf08d0a637fd9421d14dfeae9fbab41f6,24,48122,18968,544,/jndi/rmi://10.30.161.217:9999/jmxrmi
74,10.30.161.246,ssh passed,tomcat8-smppsendercallback01,UP,SMPPSenderCallBack,81f991eee6f6621f03860771b285ef41fea40b3a,24,48122,18968,544,/jndi/rmi://10.30.161.217:9999/jmxrmi
74,10.30.161.246,ssh passed,tomcat8-smppsendercallback02,UP,SMPPSenderCallBack,81f991eee6f6621f03860771b285ef41fea40b3a,24,48122,18968,544,/jndi/rmi://10.30.161.217:9999/jmxrmi
75,10.30.161.207,ssh passed,tomcat8-smppsender01,UP,SMPPSender,eac148fcf08d0a637fd9421d14dfeae9fbab41f6,24,48122,17712,4442,/jndi/rmi://10.30.161.217:9999/jmxrmi
75,10.30.161.207,ssh passed,tomcat8-smppsender02,UP,SMPPSender,eac148fcf08d0a637fd9421d14dfeae9fbab41f6,24,48122,17712,4442,/jndi/rmi://10.30.161.217:9999/jmxrmi
75,10.30.161.207,ssh passed,tomcat8-smppsender03,UP,SMPPSender,eac148fcf08d0a637fd9421d14dfeae9fbab41f6,24,48122,17712,4442,/jndi/rmi://10.30.161.217:9999/jmxrmi
75,10.30.161.207,ssh passed,tomcat8-smppsender04,UP,SMPPSender,eac148fcf08d0a637fd9421d14dfeae9fbab41f6,24,48122,17712,4442,/jndi/rmi://10.30.161.217:9999/jmxrmi
75,10.30.161.207,ssh passed,tomcat8-smppsender05,UP,SMPPSender,eac148fcf08d0a637fd9421d14dfeae9fbab41f6,24,48122,17712,4442,/jndi/rmi://10.30.161.217:9999/jmxrmi
75,10.30.161.207,ssh passed,tomcat8-smppsender06,UP,SMPPSender,eac148fcf08d0a637fd9421d14dfeae9fbab41f6,24,48122,17712,4442,/jndi/rmi://10.30.161.217:9999/jmxrmi
75,10.30.161.207,ssh passed,tomcat8-smppsender07,UP,SMPPSender,eac148fcf08d0a637fd9421d14dfeae9fbab41f6,24,48122,17712,4442,/jndi/rmi://10.30.161.217:9999/jmxrmi
75,10.30.161.207,ssh passed,tomcat8-smppsendercallback01,UP,SMPPSenderCallBack,81f991eee6f6621f03860771b285ef41fea40b3a,24,48122,17712,4442,/jndi/rmi://10.30.161.217:9999/jmxrmi
75,10.30.161.207,ssh passed,tomcat8-smppsendercallback02,UP,SMPPSenderCallBack,81f991eee6f6621f03860771b285ef41fea40b3a,24,48122,17712,4442,/jndi/rmi://10.30.161.217:9999/jmxrmi
76,10.30.161.217,ssh passed,tomcat8-smppsender01,UP,SMPPSender,eac148fcf08d0a637fd9421d14dfeae9fbab41f6,24,48122,21050,408,/jndi/rmi://10.30.161.217:9999/jmxrmi
76,10.30.161.217,ssh passed,tomcat8-smppsender02,UP,SMPPSender,eac148fcf08d0a637fd9421d14dfeae9fbab41f6,24,48122,21050,408,/jndi/rmi://10.30.161.217:9999/jmxrmi
76,10.30.161.217,ssh passed,tomcat8-smppsender03,UP,SMPPSender,eac148fcf08d0a637fd9421d14dfeae9fbab41f6,24,48122,21050,408,/jndi/rmi://10.30.161.217:9999/jmxrmi
76,10.30.161.217,ssh passed,tomcat8-smppsender04,UP,SMPPSender,eac148fcf08d0a637fd9421d14dfeae9fbab41f6,24,48122,21050,408,/jndi/rmi://10.30.161.217:9999/jmxrmi
76,10.30.161.217,ssh passed,tomcat8-smppsender05,UP,SMPPSender,eac148fcf08d0a637fd9421d14dfeae9fbab41f6,24,48122,21050,408,/jndi/rmi://10.30.161.217:9999/jmxrmi
76,10.30.161.217,ssh passed,tomcat8-smppsender06,UP,SMPPSender,eac148fcf08d0a637fd9421d14dfeae9fbab41f6,24,48122,21050,408,/jndi/rmi://10.30.161.217:9999/jmxrmi
76,10.30.161.217,ssh passed,tomcat8-smppsender07,UP,SMPPSender,eac148fcf08d0a637fd9421d14dfeae9fbab41f6,24,48122,21050,408,/jndi/rmi://10.30.161.217:9999/jmxrmi
76,10.30.161.217,ssh passed,tomcat8-smppsendercallback01,UP,SMPPSenderCallBack,81f991eee6f6621f03860771b285ef41fea40b3a,24,48122,21050,408,/jndi/rmi://10.30.161.217:9999/jmxrmi
76,10.30.161.217,ssh passed,tomcat8-smppsendercallback02,UP,SMPPSenderCallBack,81f991eee6f6621f03860771b285ef41fea40b3a,24,48122,21050,408,/jndi/rmi://10.30.161.217:9999/jmxrmi
77,10.30.161.215,ssh passed,No-Tomcats-found,N/A,N/A,N/A,16,32042,743,28039,Not-Found
78,10.30.161.216,ssh passed,No-Tomcats-found,N/A,N/A,N/A,16,32042,747,28043,Not-Found
79,10.30.161.221,ssh passed,tomcat8-capillary01,DOWN,SMPPServer,Not-Found,16,32042,1916,25713,Not-Found
80,10.30.161.223,ssh passed,tomcat8-capillary02,DOWN,SMPPServer,Not-Found,16,32042,1879,25892,Not-Found
80,10.30.161.223,ssh passed,tomcat8-paytm01,DOWN,SMPPServer,Not-Found,16,32042,1879,25892,Not-Found
81,10.30.161.229,ssh passed,tomcat8-capillary03,DOWN,SMPPServer,Not-Found,16,32042,1104,26567,Not-Found
81,10.30.161.229,ssh passed,tomcat8-paytm04,DOWN,SMPPServer,Not-Found,16,32042,1104,26567,Not-Found
82,10.30.161.227,ssh passed,tomcat8-capillary04,DOWN,SMPPServer,Not-Found,16,32042,4215,11329,Not-Found
82,10.30.161.227,ssh passed,tomcat8-nonfb02,UP,SMPPServer,73afc706ca2d6b75d340a70a8d8510bb314a41e0,16,32042,4215,11329,Not-Found
83,10.30.161.225,ssh passed,tomcat8-capillary05,DOWN,SMPPServer,Not-Found,16,40058,1690,33952,Not-Found
83,10.30.161.225,ssh passed,tomcat8-nonfb07,DOWN,SMPPServer,Not-Found,16,40058,1690,33952,Not-Found
83,10.30.161.225,ssh passed,tomcat8-paytm02,DOWN,SMPPServer,Not-Found,16,40058,1690,33952,Not-Found
84,10.30.161.224,ssh passed,tomcat8-capillary06,DOWN,SMPPServer,Not-Found,16,32042,7864,265,Not-Found
84,10.30.161.224,ssh passed,tomcat8-nonfb08,UP,SMPPServer,73afc706ca2d6b75d340a70a8d8510bb314a41e0,16,32042,7864,265,Not-Found
85,10.30.161.231,ssh passed,tomcat8-nonfb06,UP,SMPPServer,73afc706ca2d6b75d340a70a8d8510bb314a41e0,16,32042,8554,283,Not-Found
85,10.30.161.231,ssh passed,tomcat8-paytm03,DOWN,SMPPServer,Not-Found,16,32042,8554,283,Not-Found
86,10.30.161.220,ssh passed,tomcat8-nonfb03,UP,SMPPServer,73afc706ca2d6b75d340a70a8d8510bb314a41e0,16,48122,2874,35962,Not-Found
86,10.30.161.220,ssh passed,tomcat8-paytm05,DOWN,SMPPServer,Not-Found,16,48122,2874,35962,Not-Found
87,10.30.161.226,ssh passed,tomcat8-nonfb01,UP,SMPPServer,0949e34d24859dba768f28550b890d2a8cf612a4,8,15938,3122,5076,Not-Found
88,10.30.161.222,ssh passed,tomcat8-nonfb04,UP,SMPPServer,73afc706ca2d6b75d340a70a8d8510bb314a41e0,16,32042,3358,21149,/jndi/rmi://SMPPServer-sh3-sender-06.sh3.gupshup.me:9999/jmxrmi
89,10.30.161.228,ssh passed,tomcat8-nonfb05,UP,SMPPServer,73afc706ca2d6b75d340a70a8d8510bb314a41e0,8,15938,6173,173,Not-Found
90,10.30.161.230,ssh failed,N/A,N/A,N/A,N/A,N/A,N/A,N/A,N/A,N/A
